<?xml version="1.0" encoding="UTF-8"?>
<project-private xmlns="http://www.netbeans.org/ns/project-private/1">
    <editor-bookmarks xmlns="http://www.netbeans.org/ns/editor-bookmarks/2" lastBookmarkId="0"/>
    <open-files xmlns="http://www.netbeans.org/ns/projectui-open-files/2">
        <group>
            <file>file:/Users/julio/Desktop/HEB-Inventory/src/Inventory/Login.fxml</file>
            <file>file:/Users/julio/Desktop/HEB-Inventory/src/Inventory/MainWindow.fxml</file>
            <file>file:/Users/julio/Desktop/HEB-Inventory/src/Inventory/LoginController.java</file>
            <file>file:/Users/julio/Desktop/HEB-Inventory/src/Inventory/MainWindowController.java</file>
        </group>
    </open-files>
</project-private>
